,Supplier_Lead_Time,Inventory_Levels,Order_Frequency,Delivery_Performance,Cost_Per_Unit
Supplier_Lead_Time,1.0,0.07634928684161225,-0.869865710568702,-0.892569722204985,0.9479118955611973
Inventory_Levels,0.07634928684161225,1.0,-0.08140857487859608,-0.14010289617702182,0.05098825547880819
Order_Frequency,-0.869865710568702,-0.08140857487859608,1.0,0.7200388902347592,-0.7823944913224454
Delivery_Performance,-0.892569722204985,-0.14010289617702182,0.7200388902347592,1.0,-0.9177576437364263
Cost_Per_Unit,0.9479118955611973,0.05098825547880819,-0.7823944913224454,-0.9177576437364263,1.0
